Workbook

Sheet Data
A1: user_id | B1: signup_date | C1: experiment_group | D1: region | E1: device_type | F1: traffic_source | G1: plan_type | H1: visited_landing_page | I1: started_trial | J1: completed_onboarding | K1: converted_to_paid | L1: revenue_30d | M1: support_tickets_30d | N1: refund_requested | O1: days_to_convert | P1: engagement_score
A2: USR-100001 | B2: 45732 | C2: Control | D2: North | E2: Desktop | F2: Email | G2: Basic | H2: 0 | I2: 0 | J2: 0 | K2: 0 | L2: 0 | M2: 0 | N2: 0 | P2: 45.7
A3: USR-100002 | B3: 45724 | C3: Control | D3: West | E3: Mobile | F3: Organic | G3: Free | H3: 1 | I3: 0 | J3: 0 | K3: 0 | L3: 0 | M3: 0 | N3: 0 | P3: 48.6 | U3: User Count in Group | W3: Paid Conversion Rate | Y3: Total Revenue Per User
A4: USR-100003 | B4: 45771 | C4: Control | D4: East | E4: Mobile | F4: Paid Search | G4: Premium | H4: 1 | I4: 0 | J4: 0 | K4: 0 | L4: 0 | M4: 1 | N4: 0 | P4: 35.4 | U4: Control | V4: Treatment
A5: USR-100004 | B5: 45781 | C5: Control | D5: South | E5: Mobile | F5: Email | G5: Basic | H5: 1 | I5: 0 | J5: 0 | K5: 0 | L5: 0 | M5: 0 | N5: 0 | P5: 64.6 | T5: North | U5: =COUNTIFS(C2:C1409,"Control",D2:D1409,"North") -> 203 | V5: =COUNTIFS(C2:C1409,"Treatment",D2:D1409,"North") -> 180 | W5: =COUNTIFS(K2:K1409,"<>0",D2:D1409,"North") -> 23
A6: USR-100005 | B6: 45700 | C6: Control | D6: North | E6: Tablet | F6: Organic | G6: Free | H6: 0 | I6: 0 | J6: 0 | K6: 0 | L6: 0 | M6: 0 | N6: 0 | P6: 66.6 | T6: South | U6: =COUNTIFS(C3:C1409,"Control",D3:D1409,"South") -> 184 | V6: =COUNTIFS(C2:C1409,"Treatment",D2:D1409,"South") -> 184
A7: USR-100006 | B7: 45685 | C7: Control | D7: East | E7: Mobile | F7: Organic | G7: Premium | H7: 1 | I7: 0 | J7: 0 | K7: 0 | L7: 0 | M7: 0 | N7: 0 | P7: 40.8 | T7: East | U7: =COUNTIFS(C4:C1409,"Control",D4:D1409,"East") -> 158 | V7: =COUNTIFS(C2:C1409,"Treatment",D2:D1409,"East") -> 172
A8: USR-100007 | B8: 45755 | C8: Control | D8: East | E8: Mobile | F8: Paid Search | G8: Basic | H8: 1 | I8: 1 | J8: 0 | K8: 0 | L8: 0 | M8: 0 | N8: 0 | P8: 57.1 | T8: West | U8: =COUNTIFS(C5:C1409,"Control",D5:D1409,"East") -> 157 | V8: =COUNTIFS(C2:C1409,"Treatment",D2:D1409,"West") -> 179
A9: USR-100008 | B9: 45794 | C9: Control | D9: South | E9: Mobile | F9: Paid Search | G9: Free | H9: 0 | I9: 0 | J9: 0 | K9: 0 | L9: 0 | M9: 0 | N9: 0 | P9: 36.4 | U9: =SUM(U5:U8) -> 702 | V9: =SUM(V5:V8) -> 715
A10: USR-100009 | B10: 45711 | C10: Control | D10: South | E10: Tablet | F10: Referral | G10: Basic | H10: 0 | I10: 0 | J10: 0 | K10: 0 | L10: 0 | M10: 0 | N10: 0 | P10: 55.4
A11: USR-100010 | B11: 45806 | C11: Control | D11: West | E11: Desktop | F11: Social | G11: Free | H11: 1 | I11: 0 | J11: 0 | K11: 0 | L11: 0 | M11: 0 | N11: 0 | P11: 57.3
A12: USR-100011 | B12: 45777 | C12: Control | D12: East | E12: Mobile | F12: Paid Search | G12: Basic | H12: 1 | I12: 1 | J12: 1 | K12: 0 | L12: 0 | M12: 0 | N12: 0 | P12: 63.6
A13: USR-100012 | B13: 45732 | C13: Control | D13: East | E13: Mobile | F13: Social | G13: Premium | H13: 1 | I13: 1 | J13: 1 | K13: 0 | L13: 0 | M13: 1 | N13: 0 | P13: 80.4
A14: USR-100013 | B14: 45695 | C14: Control | D14: South | E14: Desktop | F14: Email | G14: Basic | H14: 1 | I14: 0 | J14: 0 | K14: 0 | L14: 0 | M14: 0 | N14: 0 | P14: 62.4
A15: USR-100014 | B15: 45718 | C15: Control | D15: West | E15: Mobile | F15: Social | G15: Basic | H15: 1 | I15: 0 | J15: 0 | K15: 0 | L15: 0 | M15: 0 | N15: 0 | P15: 82.4
A16: USR-100015 | B16: 45807 | C16: Control | D16: South | E16: Mobile | F16: Organic | G16: Basic | H16: 0 | I16: 0 | J16: 0 | K16: 0 | L16: 0 | M16: 0 | N16: 0 | P16: 61.2
A17: USR-100016 | B17: 45741 | C17: Control | D17: South | E17: Mobile | F17: Social | G17: Basic | H17: 1 | I17: 0 | J17: 0 | K17: 0 | L17: 0 | M17: 0 | N17: 0 | P17: 68.9
A18: USR-100017 | B18: 45743 | C18: Control | D18: East | E18: Desktop | F18: Paid Search | G18: Free | H18: 1 | I18: 1 | J18: 1 | K18: 0 | L18: 0 | M18: 0 | N18: 0 | P18: 71.9
A19: USR-100018 | B19: 45805 | C19: Control | D19: South | E19: Desktop | F19: Paid Search | G19: Free | H19: 0 | I19: 0 | J19: 0 | K19: 0 | L19: 0 | M19: 0 | N19: 0 | P19: 50.5
A20: USR-100019 | B20: 45703 | C20: Control | D20: North | E20: Desktop | F20: Paid Search | G20: Basic | H20: 0 | I20: 0 | J20: 0 | K20: 0 | L20: 0 | M20: 0 | N20: 0 | P20: 49.3
A21: USR-100020 | B21: 45782 | C21: Control | D21: West | E21: Desktop | F21: Organic | G21: Basic | H21: 0 | I21: 0 | J21: 0 | K21: 0 | L21: 0 | M21: 2 | N21: 0 | P21: 60.9
... A60: USR-100059 | B60: 45761 | C60: Control | D60: North | E60: Mobile | F60: Social | G60: Free | H60: 0 | I60: 0 | J60: 0 | K60: 0 | L60: 0 | M60: 2 | N60: 0 | P60: 48.9
A61: USR-100060 | B61: 45658 | C61: Control | D61: West | E61: Mobile | F61: Social | G61: Free | H61: 1 | I61: 1 | J61: 1 | K61: 1 | L61: 240.42 | M61: 0 | N61: 0 | O61: 16 | P61: 56.5
A62: USR-100061 | B62: 45749 | C62: Control | D62: South | E62: Mobile | F62: Referral | G62: Free | H62: 1 | I62: 0 | J62: 0 | K62: 0 | L62: 0 | M62: 0 | N62: 0 | P62: 53.7
A63: USR-100062 | B63: 45745 | C63: Control | D63: North | E63: Mobile | F63: Social | G63: Premium | H63: 0 | I63: 0 | J63: 0 | K63: 0 | L63: 0 | M63: 0 | N63: 0 | P63: 62.2
A64: USR-100063 | B64: 45792 | C64: Control | D64: South | E64: Desktop | F64: Organic | G64: Free | H64: 1 | I64: 0 | J64: 0 | K64: 0 | L64: 0 | M64: 0 | N64: 0 | P64: 50.2
A65: USR-100064 | B65: 45758 | C65: Control | D65: North | E65: Mobile | F65: Organic | G65: Basic | H65: 1 | I65: 0 | J65: 0 | K65: 0 | L65: 0 | M65: 0 | N65: 0 | P65: 74.3
A66: USR-100065 | B66: 45723 | C66: Control | D66: South | E66: Desktop | F66: Paid Search | G66: Free | H66: 1 | I66: 0 | J66: 0 | K66: 0 | L66: 0 | M66: 0 | N66: 0 | P66: 58
A67: USR-100066 | B67: 45807 | C67: Control | D67: South | E67: Mobile | F67: Organic | G67: Free | H67: 0 | I67: 0 | J67: 0 | K67: 0 | L67: 0 | M67: 0 | N67: 0 | P67: 46.7
A68: USR-100067 | B68: 45664 | C68: Control | D68: South | E68: Desktop | F68: Organic | G68: Premium | H68: 1 | I68: 0 | J68: 0 | K68: 0 | L68: 0 | M68: 1 | N68: 0 | P68: 49.6
A69: USR-100068 | B69: 45785 | C69: Control | D69: West | E69: Mobile | F69: Social | G69: Free | H69: 0 | I69: 0 | J69: 0 | K69: 0 | L69: 0 | M69: 0 | N69: 0 | P69: 60.4
A70: USR-100069 | B70: 45735 | C70: Control | D70: East | E70: Desktop | F70: Email | G70: Free | H70: 1 | I70: 1 | J70: 1 | K70: 0 | L70: 0 | M70: 0 | N70: 0 | P70: 55.3
A71: USR-100070 | B71: 45793 | C71: Control | D71: North | E71: Desktop | F71: Organic | G71: Free | H71: 0 | I71: 0 | J71: 0 | K71: 0 | L71: 0 | M71: 0 | N71: 0 | P71: 56.2
A72: USR-100071 | B72: 45724 | C72: Control | D72: West | E72: Mobile | F72: Email | G72: Free | H72: 0 | I72: 0 | J72: 0 | K72: 0 | L72: 0 | M72: 0 | N72: 0 | P72: 29.4
A73: USR-100072 | B73: 45724 | C73: Control | D73: East | E73: Mobile | F73: Email | G73: Free | H73: 1 | I73: 0 | J73: 0 | K73: 0 | L73: 0 | M73: 0 | N73: 0 | P73: 54.2
... A79: USR-100078 | B79: 45673 | C79: Control | D79: North | E79: Mobile | F79: Organic | G79: Free | H79: 0 | I79: 0 | J79: 0 | K79: 0 | L79: 0 | M79: 2 | N79: 0 | P79: 48.4
A80: USR-100079 | B80: 45708 | C80: Control | D80: West | E80: Desktop | F80: Organic | G80: Free | H80: 1 | I80: 1 | J80: 1 | K80: 1 | L80: 457.51 | M80: 0 | N80: 0 | O80: 7 | P80: 38
A81: USR-100080 | B81: 45798 | C81: Control | D81: East | E81: Mobile | F81: Social | G81: Free | H81: 1 | I81: 0 | J81: 0 | K81: 0 | L81: 0 | M81: 0 | N81: 0 | P81: 44.2
A82: USR-100081 | B82: 45785 | C82: Control | D82: South | E82: Mobile | F82: Organic | G82: Free | H82: 1 | I82: 1 | J82: 1 | K82: 0 | L82: 0 | M82: 0 | N82: 0 | P82: 81.2
A83: USR-100082 | B83: 45724 | C83: Control | D83: South | E83: Mobile | F83: Referral | G83: Free | H83: 1 | I83: 1 | J83: 0 | K83: 0 | L83: 0 | M83: 0 | N83: 0 | P83: 63.8
A84: USR-100083 | B84: 45748 | C84: Control | D84: South | E84: Desktop | F84: Email | G84: Free | H84: 0 | I84: 0 | J84: 0 | K84: 0 | L84: 0 | M84: 0 | N84: 0 | P84: 64.7
A85: USR-100084 | B85: 45719 | C85: Control | D85: West | E85: Mobile | F85: Social | G85: Basic | H85: 0 | I85: 0 | J85: 0 | K85: 0 | L85: 0 | M85: 0 | N85: 0 | P85: 60.4
A86: USR-100085 | B86: 45763 | C86: Control | D86: South | E86: Mobile | F86: Paid Search | G86: Free | H86: 0 | I86: 0 | J86: 0 | K86: 0 | L86: 0 | M86: 0 | N86: 0 | P86: 66.6
A87: USR-100086 | B87: 45666 | C87: Control | D87: North | E87: Desktop | F87: Organic | G87: Free | H87: 1 | I87: 0 | J87: 0 | K87: 0 | L87: 0 | M87: 0 | N87: 0 | P87: 50.9
A88: USR-100087 | B88: 45679 | C88: Control | D88: West | E88: Desktop | F88: Social | G88: Basic | H88: 0 | I88: 0 | J88: 0 | K88: 0 | L88: 0 | M88: 0 | N88: 0 | P88: 51
A89: USR-100088 | B89: 45777 | C89: Control | D89: South | E89: Mobile | F89: Email | G89: Premium | H89: 0 | I89: 0 | J89: 0 | K89: 0 | L89: 0 | M89: 0 | N89: 0 | P89: 65.8
A90: USR-100089 | B90: 45772 | C90: Control | D90: North | E90: Mobile | F90: Referral | G90: Basic | H90: 1 | I90: 0 | J90: 0 | K90: 0 | L90: 0 | M90: 0 | N90: 0 | P90: 61.8
A91: USR-100090 | B91: 45689 | C91: Control | D91: North | E91: Mobile | F91: Organic | G91: Basic | H91: 1 | I91: 0 | J91: 0 | K91: 0 | L91: 0 | M91: 0 | N91: 0 | P91: 54.5
A92: USR-100091 | B92: 45770 | C92: Control | D92: South | E92: Desktop | F92: Organic | G92: Free | H92: 1 | I92: 0 | J92: 0 | K92: 0 | L92: 0 | M92: 0 | N92: 0 | P92: 72.2
... A99: USR-100098 | B99: 45699 | C99: Control | D99: North | E99: Desktop | F99: Organic | G99: Premium | H99: 1 | I99: 0 | J99: 0 | K99: 0 | L99: 0 | M99: 0 | N99: 0 | P99: 63.2
A100: USR-100099 | B100: 45699 | C100: Control | D100: East | E100: Desktop | F100: Social | G100: Free | H100: 1 | I100: 1 | J100: 1 | K100: 1 | L100: 363.32 | M100: 0 | N100: 0 | O100: 9 | P100: 55.9
A101: USR-100100 | B101: 45803 | C101: Control | D101: North | E101: Mobile | F101: Organic | G101: Free | H101: 1 | I101: 0 | J101: 0 | K101: 0 | L101: 0 | M101: 0 | N101: 0 | P101: 63.5
A102: USR-100101 | B102: 45738 | C102: Control | D102: North | E102: Mobile | F102: Paid Search | G102: Basic | H102: 1 | I102: 0 | J102: 0 | K102: 0 | L102: 0 | M102: 0 | N102: 0 | P102: 51.5
A103: USR-100102 | B103: 45755 | C103: Control | D103: West | E103: Mobile | F103: Paid Search | G103: Free | H103: 1 | I103: 0 | J103: 0 | K103: 0 | L103: 0 | M103: 0 | N103: 0 | P103: 74.4
A104: USR-100103 | B104: 45761 | C104: Control | D104: North | E104: Desktop | F104: Social | G104: Free | H104: 1 | I104: 1 | J104: 1 | K104: 1 | L104: 3887.98 | M104: 0 | N104: 0 | O104: 13 | P104: 60.2
A105: USR-100104 | B105: 45743 | C105: Control | D105: South | E105: Mobile | F105: Email | G105: Free | H105: 1 | I105: 0 | J105: 0 | K105: 0 | L105: 0 | M105: 1 | N105: 0 | P105: 67.2
A106: USR-100105 | B106: 45662 | C106: Control | D106: South | E106: Mobile | F106: Social | G106: Free | H106: 1 | I106: 1 | J106: 1 | K106: 0 | L106: 0 | M106: 0 | N106: 0 | P106: 79.6
A107: USR-100106 | B107: 45682 | C107: Control | D107: South | E107: Mobile | F107: Social | G107: Basic | H107: 1 | I107: 1 | J107: 1 | K107: 1 | L107: 8610.72 | M107: 0 | N107: 0 | O107: 6 | P107: 61
A108: USR-100107 | B108: 45680 | C108: Control | D108: West | E108: Mobile | F108: Email | G108: Free | H108: 1 | I108: 1 | J108: 1 | K108: 0 | L108: 0 | M108: 4 | N108: 0 | P108: 51.1
A109: USR-100108 | B109: 45802 | C109: Control | D109: East | E109: Desktop | F109: Referral | G109: Free | H109: 1 | I109: 0 | J109: 0 | K109: 0 | L109: 0 | M109: 0 | N109: 0 | P109: 92.1
A110: USR-100109 | B110: 45738 | C110: Control | D110: South | E110: Mobile | F110: Referral | G110: Basic | H110: 0 | I110: 0 | J110: 0 | K110: 0 | L110: 0 | M110: 0 | N110: 0 | P110: 82.1
A111: USR-100110 | B111: 45700 | C111: Control | D111: West | E111: Desktop | F111: Paid Search | G111: Basic | H111: 1 | I111: 0 | J111: 0 | K111: 0 | L111: 0 | M111: 1 | N111: 0 | P111: 74
A112: USR-100111 | B112: 45775 | C112: Control | D112: West | E112: Desktop | F112: Organic | G112: Basic | H112: 1 | I112: 0 | J112: 0 | K112: 0 | L112: 0 | M112: 0 | N112: 0 | P112: 63.4
A113: USR-100112 | B113: 45687 | C113: Control | D113: North | E113: Mobile | F113: Organic | G113: Basic | H113: 1 | I113: 0 | J113: 0 | K113: 0 | L113: 0 | M113: 0 | N113: 0 | P113: 53.2
A114: USR-100113 | B114: 45796 | C114: Control | D114: East | E114: Tablet | F114: Paid Search | G114: Free | H114: 0 | I114: 0 | J114: 0 | K114: 0 | L114: 0 | M114: 0 | N114: 0 | P114: 48.1
A115: USR-100114 | B115: 45680 | C115: Control | D115: South | E115: Mobile | F115: Social | G115: Free | H115: 1 | I115: 1 | J115: 0 | K115: 0 | L115: 0 | M115: 0 | N115: 0 | P115: 61.5
A116: USR-100115 | B116: 45744 | C116: Control | D116: East | E116: Desktop | F116: Social | G116: Free | H116: 1 | I116: 0 | J116: 0 | K116: 0 | L116: 0 | M116: 0 | N116: 0 | P116: 63.2
A117: USR-100116 | B117: 45668 | C117: Control | D117: West | E117: Mobile | F117: Organic | G117: Free | H117: 0 | I117: 0 | J117: 0 | K117: 0 | L117: 0 | M117: 0 | N117: 0 | P117: 71.9
A118: USR-100117 | B118: 45758 | C118: Control | D118: North | E118: Mobile | F118: Referral | G118: Free | H118: 0 | I118: 0 | J118: 0 | K118: 0 | L118: 0 | M118: 0 | N118: 0 | P118: 62.7
A119: USR-100118 | B119: 45659 | C119: Control | D119: West | E119: Mobile | F119: Paid Search | G119: Free | H119: 1 | I119: 0 | J119: 0 | K119: 0 | L119: 0 | M119: 0 | N119: 0 | P119: 51.5
... A124: USR-100123 | B124: 45769 | C124: Control | D124: South | E124: Mobile | F124: Referral | G124: Basic | H124: 0 | I124: 0 | J124: 0 | K124: 0 | L124: 0 | M124: 0 | N124: 0 | P124: 36.1
A125: USR-100124 | B125: 45807 | C125: Control | D125: West | F125: Email | G125: Basic | H125: 1 | I125: 1 | J125: 0 | K125: 0 | L125: 0 | M125: 0 | N125: 0 | P125: 47.9
A126: USR-100125 | B126: 45795 | C126: Control | D126: West | E126: Desktop | F126: Organic | G126: Premium | H126: 1 | I126: 0 | J126: 0 | K126: 0 | L126: 0 | M126: 0 | N126: 0 | P126: 62.5
A127: USR-100126 | B127: 45670 | C127: Control | D127: South | E127: Desktop | F127: Paid Search | G127: Premium | H127: 1 | I127: 0 | J127: 0 | K127: 0 | L127: 0 | M127: 0 | N127: 0 | P127: 56.9
A128: USR-100127 | B128: 45741 | C128: Control | D128: North | E128: Desktop | F128: Email | G128: Free | H128: 0 | I128: 0 | J128: 0 | K128: 0 | L128: 0 | M128: 0 | N128: 0 | P128: 64.7
A129: USR-100128 | B129: 45776 | C129: Control | D129: South | E129: Desktop | F129: Organic | G129: Free | H129: 1 | I129: 1 | J129: 1 | K129: 0 | L129: 0 | M129: 0 | N129: 0 | P129: 64
A130: USR-100129 | B130: 45794 | C130: Control | D130: East | E130: Mobile | F130: Referral | G130: Basic | H130: 1 | I130: 1 | J130: 1 | K130: 0 | L130: 0 | M130: 0 | N130: 0 | P130: 75.2
A131: USR-100130 | B131: 45659 | C131: Control | D131: North | E131: Mobile | F131: Paid Search | G131: Free | H131: 1 | I131: 0 | J131: 0 | K131: 0 | L131: 0 | M131: 1 | N131: 0 | P131: 79
A132: USR-100131 | B132: 45691 | C132: Control | D132: South | E132: Mobile | F132: Organic | G132: Free | H132: 0 | I132: 0 | J132: 0 | K132: 0 | L132: 0 | M132: 0 | N132: 0 | P132: 33
A133: USR-100132 | B133: 45720 | C133: Control | D133: East | E133: Mobile | F133: Organic | G133: Free | H133: 1 | I133: 0 | J133: 0 | K133: 0 | L133: 0 | M133: 0 | N133: 0 | P133: 67.9
A134: USR-100133 | B134: 45683 | C134: Control | D134: South | E134: Mobile | F134: Paid Search | G134: Basic | H134: 0 | I134: 0 | J134: 0 | K134: 0 | L134: 0 | M134: 0 | N134: 0 | P134: 42.2
A135: USR-100134 | B135: 45789 | C135: Control | D135: West | E135: Mobile | F135: Paid Search | G135: Basic | H135: 1 | I135: 1 | J135: 1 | K135: 0 | L135: 0 | M135: 0 | N135: 0 | P135: 43.4
A136: USR-100135 | B136: 45722 | C136: Control | D136: North | E136: Mobile | F136: Organic | G136: Basic | H136: 0 | I136: 0 | J136: 0 | K136: 0 | L136: 0 | M136: 0 | N136: 0 | P136: 54.4
A137: USR-100136 | B137: 45726 | C137: Control | D137: South | E137: Desktop | F137: Email | G137: Premium | H137: 0 | I137: 0 | J137: 0 | K137: 0 | L137: 0 | M137: 0 | N137: 0 | P137: 45.7
... A142: USR-100141 | B142: 45676 | C142: Control | D142: South | E142: Mobile | F142: Organic | G142: Free | H142: 0 | I142: 0 | J142: 0 | K142: 0 | L142: 0 | M142: 0 | N142: 0 | P142: 49.6
A143: USR-100142 | B143: 45750 | C143: Control | D143: West | E143: Desktop | F143: Social | G143: Free | H143: 1 | I143: 1 | J143: 1 | K143: 1 | L143: 404.4 | M143: 0 | N143: 0 | O143: 9 | P143: 80.6
A144: USR-100143 | B144: 45754 | C144: Control | D144: North | E144: Mobile | F144: Paid Search | G144: Free | H144: 1 | I144: 0 | J144: 0 | K144: 0 | L144: 0 | M144: 0 | N144: 0 | P144: 47.9
A145: USR-100144 | B145: 45663 | C145: Control | D145: East | E145: Mobile | F145: Paid Search | G145: Basic | H145: 1 | I145: 1 | J145: 0 | K145: 0 | L145: 0 | M145: 0 | N145: 0 | P145: 54.8
A146: USR-100145 | B146: 45758 | C146: Control | D146: East | E146: Mobile | F146: Organic | G146: Free | H146: 1 | I146: 0 | J146: 0 | K146: 0 | L146: 0 | M146: 1 | N146: 0 | P146: 53.9
A147: USR-100146 | B147: 45770 | C147: Control | D147: East | E147: Mobile | F147: Paid Search | G147: Free | H147: 1 | I147: 0 | J147: 0 | K147: 0 | L147: 0 | M147: 0 | N147: 0 | P147: 41.3
A148: USR-100147 | B148: 45741 | C148: Control | D148: West | E148: Mobile | F148: Organic | G148: Basic | H148: 1 | I148: 1 | J148: 0 | K148: 0 | L148: 0 | M148: 0 | N148: 0 | P148: 38.9
A149: USR-100148 | B149: 45802 | C149: Control | D149: South | E149: Desktop | F149: Organic | G149: Basic | H149: 1 | I149: 0 | J149: 0 | K149: 0 | L149: 0 | M149: 0 | N149: 0 | P149: 63.6
A150: USR-100149 | B150: 45685 | C150: Control | D150: North | E150: Mobile | F150: Organic | G150: Free | H150: 1 | I150: 1 | J150: 1 | K150: 1 | L150: 577.94 | M150: 0 | N150: 0 | O150: 9 | P150: 76.6
A151: USR-100150 | B151: 45700 | C151: Control | D151: West | E151: Mobile | F151: Paid Search | G151: Premium | H151: 0 | I151: 0 | J151: 0 | K151: 0 | L151: 0 | M151: 1 | N151: 0 | P151: 67.6
A152: USR-100151 | B152: 45776 | C152: Control | D152: North | E152: Mobile | F152: Social | G152: Premium | H152: 1 | I152: 0 | J152: 0 | K152: 0 | L152: 0 | M152: 0 | N152: 0 | P152: 43.1
A153: USR-100152 | B153: 45729 | C153: Control | D153: South | E153: Mobile | F153: Email | G153: Free | H153: 1 | I153: 0 | J153: 0 | K153: 0 | L153: 0 | M153: 0 | N153: 0 | P153: 58.3
A154: USR-100153 | B154: 45692 | C154: Control | D154: East | E154: Desktop | F154: Paid Search | G154: Free | H154: 1 | I154: 0 | J154: 0 | K154: 0 | L154: 0 | M154: 0 | N154: 0 | P154: 69.8
A155: USR-100154 | B155: 45720 | C155: Control | D155: South | E155: Mobile | F155: Referral | G155: Free | H155: 1 | I155: 1 | J155: 0 | K155: 0 | L155: 0 | M155: 0 | N155: 0
A156: USR-100155 | B156: 45692 | C156: Control | D156: West | E156: Mobile | F156: Paid Search | G156: Basic | H156: 1 | I156: 1 | J156: 0 | K156: 0 | L156: 0 | M156: 0 | N156: 0 | P156: 41.9
A157: USR-100156 | B157: 45727 | C157: Control | D157: North | E157: Desktop | F157: Organic | G157: Free | H157: 0 | I157: 0 | J157: 0 | K157: 0 | L157: 0 | M157: 0 | N157: 0 | P157: 33.1
...

Sheet Region
B1: User Count in Group | D1: Total Users | E1: Paid Conversion Rate | G1: Average revenue per user
B2: Control | C2: Treatment | E2: No of users converted to paid | F2: Users converted to paid / total users | G2: Total Revenue | H2: Total revenue / total users
A3: North | B3: =COUNTIFS(Data!$C$2:'Data'!$C$1409,"Control",Data!$D$2:'Data'!$D$1409,"North") -> 203 | C3: =COUNTIFS(Data!$C$2:'Data'!$C$1409,"Treatment",Data!$D$2:'Data'!$D$1409,"North") -> 180 | D3: =B3+C3 -> 383 | E3: =COUNTIFS(Data!$K$2:'Data'!$K$1409,"<>0",Data!$D$2:'Data'!$D$1409,"North") -> 23 | F3: =E3/D3 -> 0.060052219 | G3: =SUMIF(Data!$D$2:'Data'!$D$1409,"North",Data!$L$2:'Data'!$L$1409) -> 31558.67 | H3: =G3/D3 -> 82.398616
A4: South | B4: =COUNTIFS(Data!$C$2:'Data'!$C$1409,"Control",Data!$D$2:'Data'!$D$1409,"South") -> 184 | C4: =COUNTIFS(Data!$C$2:'Data'!$C$1409,"Treatment",Data!$D$2:'Data'!$D$1409,"South") -> 184 | D4: =B4+C4 -> 368 | E4: =COUNTIFS(Data!$K$2:'Data'!$K$1409,"<>0",Data!$D$2:'Data'!$D$1409,"South") -> 20 | F4: =E4/D4 -> 0.054347826 | G4: =SUMIF(Data!$D$2:'Data'!$D$1409,"South",Data!$L$2:'Data'!$L$1409) -> 22638.4 | H4: =G4/D4 -> 61.517391
A5: East | B5: =COUNTIFS(Data!$C$2:'Data'!$C$1409,"Control",Data!$D$2:'Data'!$D$1409,"East") -> 158 | C5: =COUNTIFS(Data!$C$2:'Data'!$C$1409,"Treatment",Data!$D$2:'Data'!$D$1409,"East") -> 172 | D5: =B5+C5 -> 330 | E5: =COUNTIFS(Data!$K$2:'Data'!$K$1409,"<>0",Data!$D$2:'Data'!$D$1409,"East") -> 15 | F5: =E5/D5 -> 0.045454545 | G5: =SUMIF(Data!$D$2:'Data'!$D$1409,"East",Data!$L$2:'Data'!$L$1409) -> 10861.14 | H5: =G5/D5 -> 32.912545
A6: West | B6: =COUNTIFS(Data!$C$2:'Data'!$C$1409,"Control",Data!$D$2:'Data'!$D$1409,"West") -> 148 | C6: =COUNTIFS(Data!$C$2:'Data'!$C$1409,"Treatment",Data!$D$2:'Data'!$D$1409,"West") -> 179 | D6: =B6+C6 -> 327 | E6: =COUNTIFS(Data!$K$2:'Data'!$K$1409,"<>0",Data!$D$2:'Data'!$D$1409,"West") -> 14 | F6: =E6/D6 -> 0.042813456 | G6: =SUMIF(Data!$D$2:'Data'!$D$1409,"West",Data!$L$2:'Data'!$L$1409) -> 9324.78 | H6: =G6/D6 -> 28.516147
B7: =SUM(B3:B6) -> 693 | C7: =SUM(C3:C6) -> 715 | D7: =B7+C7 -> 1408 | E7: =SUM(E3:E6) -> 72 | F7: =E7/D7 -> 0.051136364 | G7: =SUM(G3:G6) -> 74382.99 | H7: =G7/D7 -> 52.828828

Sheet Device Type
B1: User Count in Group | D1: Total Users | E1: Paid Conversion Rate | G1: Average revenue per user
B2: Control | C2: Treatment | E2: No of users converted to paid | F2: Users converted to paid / total users | G2: Total Revenue | H2: Total revenue / total users
A3: Desktop | B3: =COUNTIFS(Data!$C$2:'Data'!$C$1409,"Control",Data!$E$2:'Data'!$E$1409,"Desktop") -> 200 | C3: =COUNTIFS(Data!$C$2:'Data'!$C$1409,"Treatment",Data!$E$2:'Data'!$E$1409,"Desktop") -> 214 | D3: =B3+C3 -> 414 | E3: =COUNTIFS(Data!$K$2:'Data'!$K$1409,"<>0",Data!$E$2:'Data'!$E$1409,"Desktop") -> 23 | F3: =E3/D3 -> 0.055555556 | G3: =SUMIF(Data!$E$2:'Data'!$E$1409,"Desktop",Data!$L$2:'Data'!$L$1409) -> 25753.63 | H3: =G3/D3 -> 62.206836
A4: Mobile | B4: =COUNTIFS(Data!$C$2:'Data'!$C$1409,"Control",Data!$E$2:'Data'!$E$1409,"Mobile") -> 428 | C4: =COUNTIFS(Data!$C$2:'Data'!$C$1409,"Treatment",Data!$E$2:'Data'!$E$1409,"Mobile") -> 436 | D4: =B4+C4 -> 864 | E4: =COUNTIFS(Data!$K$2:'Data'!$K$1409,"<>0",Data!$E$2:'Data'!$E$1409,"Mobile") -> 43 | F4: =E4/D4 -> 0.049768519 | G4: =SUMIF(Data!$E$2:'Data'!$E$1409,"Mobile",Data!$L$2:'Data'!$L$1409) -> 43560.09 | H4: =G4/D4 -> 50.416771
A5: Tablet | B5: =COUNTIFS(Data!$C$2:'Data'!$C$1409,"Control",Data!$E$2:'Data'!$E$1409,"Tablet") -> 56 | C5: =COUNTIFS(Data!$C$2:'Data'!$C$1409,"Treatment",Data!$E$2:'Data'!$E$1409,"Tablet") -> 56 | D5: =B5+C5 -> 112 | E5: =COUNTIFS(Data!$K$2:'Data'!$K$1409,"<>0",Data!$E$2:'Data'!$E$1409,"Tablet") -> 5 | F5: =E5/D5 -> 0.044642857 | G5: =SUMIF(Data!$E$2:'Data'!$E$1409,"Tablet",Data!$L$2:'Data'!$L$1409) -> 4515.9 | H5: =G5/D5 -> 40.320536
A6: (Blank) | B6: =COUNTIFS(Data!$C$2:'Data'!$C$1409,"Control",Data!$E$2:'Data'!$E$1409,"") -> 9 | C6: =COUNTIFS(Data!$C$2:'Data'!$C$1409,"Treatment",Data!$E$2:'Data'!$E$1409,"") -> 9 | D6: =B6+C6 -> 18 | E6: =COUNTIFS(Data!$K$2:'Data'!$K$1409,"<>0",Data!$E$2:'Data'!$E$1409,"") -> 1 | F6: =COUNTIFS(Data!$K$2:'Data'!$K$1409,"<>0",Data!$E$2:'Data'!$E$1409,"") -> 1 | G6: =SUMIF(Data!$E$2:'Data'!$E$1409,"",Data!$L$2:'Data'!$L$1409) -> 553.37 | H6: =G6/D6 -> 30.742778
B7: =SUM(B3:B6) -> 693 | C7: =SUM(C3:C6) -> 715 | D7: =B7+C7 -> 1408 | E7: =SUM(E3:E6) -> 72 | F7: =E7/D7 -> 0.051136364 | G7: =SUM(G3:G6) -> 74382.99 | H7: =G7/D7 -> 52.828828

Sheet Traffic Source
B1: User Count in Group | D1: Total Users | E1: Paid Conversion Rate | G1: Average revenue per user
B2: Control | C2: Treatment | E2: No of users converted to paid | F2: Users converted to paid / total users | G2: Total Revenue | H2: Total revenue / total users
A3: Email | B3: =COUNTIFS(Data!$C$2:'Data'!$C$1409,"Control",Data!$F$2:'Data'!$F$1409,"Email") -> 74 | C3: =COUNTIFS(Data!$C$2:'Data'!$C$1409,"Treatment",Data!$F$2:'Data'!$F$1409,"Email") -> 56 | D3: =B3+C3 -> 130 | E3: =COUNTIFS(Data!$K$2:'Data'!$K$1409,"<>0",Data!$F$2:'Data'!$F$1409,"Email") -> 6 | F3: =E3/D3 -> 0.046153846 | G3: =SUMIF(Data!$F$2:'Data'!$F$1409,"Email",Data!$L$2:'Data'!$L$1409) -> 4644.26 | H3: =G3/D3 -> 35.725077
A4: Organic | B4: =COUNTIFS(Data!$C$2:'Data'!$C$1409,"Control",Data!$F$2:'Data'!$F$1409,"Organic") -> 246 | C4: =COUNTIFS(Data!$C$2:'Data'!$C$1409,"Treatment",Data!$F$2:'Data'!$F$1409,"Organic") -> 241 | D4: =B4+C4 -> 487 | E4: =COUNTIFS(Data!$K$2:'Data'!$K$1409,"<>0",Data!$F$2:'Data'!$F$1409,"Organic") -> 20 | F4: =E4/D4 -> 0.041067762 | G4: =SUMIF(Data!$F$2:'Data'!$F$1409,"Organic",Data!$L$2:'Data'!$L$1409) -> 22678.34 | H4: =G4/D4 -> 46.567433
A5: Paid Search | B5: =COUNTIFS(Data!$C$2:'Data'!$C$1409,"Control",Data!$F$2:'Data'!$F$1409,"Paid Search") -> 156 | C5: =COUNTIFS(Data!$C$2:'Data'!$C$1409,"Treatment",Data!$F$2:'Data'!$F$1409,"Paid Search") -> 176 | D5: =B5+C5 -> 332 | E5: =COUNTIFS(Data!$K$2:'Data'!$K$1409,"<>0",Data!$F$2:'Data'!$F$1409,"Paid Search") -> 13 | F5: =E5/D5 -> 0.039156627 | G5: =SUMIF(Data!$F$2:'Data'!$F$1409,"Paid Search",Data!$L$2:'Data'!$L$1409) -> 7812.2 | H5: =G5/D5 -> 23.530723
A6: Referral | B6: =COUNTIFS(Data!$C$2:'Data'!$C$1409,"Control",Data!$F$2:'Data'!$F$1409,"Referral") -> 81 | C6: =COUNTIFS(Data!$C$2:'Data'!$C$1409,"Treatment",Data!$F$2:'Data'!$F$1409,"Referral") -> 91 | D6: =B6+C6 -> 172 | E6: =COUNTIFS(Data!$K$2:'Data'!$K$1409,"<>0",Data!$F$2:'Data'!$F$1409,"Referral") -> 12 | F6: =E6/D6 -> 0.069767442 | G6: =SUMIF(Data!$F$2:'Data'!$F$1409,"Referral",Data!$L$2:'Data'!$L$1409) -> 12071.57 | H6: =G6/D6 -> 70.183547
A7: Social | B7: =COUNTIFS(Data!$C$2:'Data'!$C$1409,"Control",Data!$F$2:'Data'!$F$1409,"Social") -> 130 | C7: =COUNTIFS(Data!$C$2:'Data'!$C$1409,"Treatment",Data!$F$2:'Data'!$F$1409,"Social") -> 133 | D7: =B7+C7 -> 263 | E7: =COUNTIFS(Data!$K$2:'Data'!$K$1409,"<>0",Data!$F$2:'Data'!$F$1409,"Social") -> 18 | F7: =E7/D7 -> 0.068441065 | G7: =SUMIF(Data!$F$2:'Data'!$F$1409,"Social",Data!$L$2:'Data'!$L$1409) -> 24547.76 | H7: =G7/D7 -> 93.33749
A8: (Blank) | B8: =COUNTIFS(Data!$C$2:'Data'!$C$1409,"Control",Data!$F$2:'Data'!$F$1409,"") -> 6 | C8: =COUNTIFS(Data!$C$2:'Data'!$C$1409,"Treatment",Data!$F$2:'Data'!$F$1409,"") -> 18 | D8: =B8+C8 -> 24 | E8: =COUNTIFS(Data!$K$2:'Data'!$K$1409,"<>0",Data!$F$2:'Data'!$F$1409,"") -> 3 | F8: =E8/D8 -> 0.125 | G8: =SUMIF(Data!$F$2:'Data'!$F$1409,"",Data!$L$2:'Data'!$L$1409) -> 2628.86 | H8: =G8/D8 -> 109.53583
B9: =SUM(B3:B8) -> 693 | C9: =SUM(C3:C8) -> 715 | D9: =B9+C9 -> 1408 | E9: =SUM(E3:E8) -> 72 | F9: =E9/D9 -> 0.051136364 | G9: =SUM(G3:G8) -> 74382.99 | H9: =G9/D9 -> 52.828828

Sheet Plan Type
B1: User Count in Group | D1: Total Users | E1: Paid Conversion Rate | G1: Average revenue per user
B2: Control | C2: Treatment | E2: No of users converted to paid | F2: Users converted to paid / total users | G2: Total Revenue | H2: Total revenue / total users
A3: Basic | B3: =COUNTIFS(Data!$C$2:'Data'!$C$1409,"Control",Data!$G$2:'Data'!$G$1409,"Basic") -> 223 | C3: =COUNTIFS(Data!$C$2:'Data'!$C$1409,"Treatment",Data!$G$2:'Data'!$G$1409,"Basic") -> 235 | D3: =B3+C3 -> 458 | E3: =COUNTIFS(Data!$K$2:'Data'!$K$1409,"<>0",Data!$G$2:'Data'!$G$1409,"Basic") -> 17 | F3: =E3/D3 -> 0.037117904 | G3: =SUMIF(Data!$G$2:'Data'!$G$1409,"Basic",Data!$L$2:'Data'!$L$1409) -> 30337.29 | H3: =G3/D3 -> 66.238624
A4: Free | B4: =COUNTIFS(Data!$C$2:'Data'!$C$1409,"Control",Data!$G$2:'Data'!$G$1409,"Free") -> 361 | C4: =COUNTIFS(Data!$C$2:'Data'!$C$1409,"Treatment",Data!$G$2:'Data'!$G$1409,"Free") -> 368 | D4: =B4+C4 -> 729 | E4: =COUNTIFS(Data!$K$2:'Data'!$K$1409,"<>0",Data!$G$2:'Data'!$G$1409,"Free") -> 45 | F4: =E4/D4 -> 0.061728395 | G4: =SUMIF(Data!$G$2:'Data'!$G$1409,"Free",Data!$L$2:'Data'!$L$1409) -> 26912.49 | H4: =G4/D4 -> 36.916996
A5: Premium | B5: =COUNTIFS(Data!$C$2:'Data'!$C$1409,"Control",Data!$G$2:'Data'!$G$1409,"Premium") -> 109 | C5: =COUNTIFS(Data!$C$2:'Data'!$C$1409,"Treatment",Data!$G$2:'Data'!$G$1409,"Premium") -> 112 | D5: =B5+C5 -> 221 | E5: =COUNTIFS(Data!$K$2:'Data'!$K$1409,"<>0",Data!$G$2:'Data'!$G$1409,"Premium") -> 10 | F5: =E5/D5 -> 0.045248869 | G5: =SUMIF(Data!$G$2:'Data'!$G$1409,"Premium",Data!$L$2:'Data'!$L$1409) -> 17133.21 | H5: =G5/D5 -> 77.525837
B6: =SUM(B3:B5) -> 693 | C6: =SUM(C3:C5) -> 715 | D6: =B6+C6 -> 1408 | E6: =SUM(E3:E5) -> 72 | F6: =E6/D6 -> 0.051136364 | G6: =SUM(G3:G5) -> 74382.99 | H6: =G6/D6 -> 52.828828
